
{ // join request format (?) ( not handled by gameManager )
	"gameType": "pong", //	random == doesn't matter( create random one if none are joinable )
	"gameMode": "solo", //	solo, dual, freeplay, tournament
	"withAI": true
}

{ // getInitInfo()
	"gameType": "pong",
	"sizeInfo": {
		"width": 2048,
		"height": 1024,
		"rSize": 160,
		"bSize": 20
	},
	"racketCount" : 4,
	"teamCount": 2,
	"scoreSize": "size", // proportional to the screen height
	"scorePos": [
		"x1", "y1", // center point of the number
		"x2", "y2",
		"x3", "y3",
		"x4", "y4"
	],
	"lines": [
		"xa", "ya", "xb", "yb", "t", // t = thickness (1, 1.4, 2)
		"xa", "ya", "xb", "yb", "t"	 // ...
	],
	"orientations": [
		"d1",			// 'x' or 'y
		"d2",
		"d3",
		"d4"
	],
	"update": {
		"racketPos": [
			"x1", "y1",
			"x2", "y2",
			"x3", "y3",
			"x4", "y4"
		],
		"ballPos": [
			"x1", "y1"
		],
		"lastPonger": 0,
		"scores": [
			"s1",
			"s2",
			"s3",
			"s4"
		]
	}
}

{ // getPlayerInfo()
	"1": {
		"isBot": false,
		"name": "llord",
		"playerID": 25,
		"teamID": 1
	},
	"2": {
		"isBot": false,
		"name": "vjean",
		"playerID": 16,
		"teamID": 1
	},
	"3": {
		"isBot": false,
		"name": "ghebert",
		"playerID": 36,
		"teamID": 2
	},
	"4": {
		"isBot": true,
		"name": "bot_1",
		"playerID": 4,
		"teamID": 2
	}
}

{ // getUpdateInfo()
	"racketPos": [
		"x1", "y1",
		"x2", "y2",
		"x3", "y3",
		"x4", "y4"
	],
	"ballPos": [
		"x1", "y1"
	],
	"lastPonger": 1,
	"scores": [
		"s1",
		"s2",
		"s3",
		"s4"
	]
}

{ // getEndInfo()
	"gameConnector": 1,
	"gameType": "pong", //	random == doesn't matter( create random one if none are joinable )
	"gameMode": "solo", //	solo, dual, freeplay, tournament
	"endState": "win", //	win, quit, crash
	"winingTeam": 1, //		teamID
	"quitter": 2, //		playerID
	"scores": [
		"s1",
		"s2",
		"s3",
		"s4"
	],
	"playerInfo": getPlayerInfo{}
}